{"cameraMode":{"drawMode":0,"name":"Shaded","section":"Shading Mode"},"sceneLighting":true,"audioPlay":false,"sceneViewState":{"m_AlwaysRefresh":false,"showFog":true,"showSkybox":true,"showFlares":true,"showImageEffects":true,"showParticleSystems":true,"showVisualEffectGraphs":true,"m_FxEnabled":true},"in2DMode":false,"pivot":{"x":0.8874929547309876,"y":1.1840450763702393,"z":-0.13334161043167115},"rotation":{"x":-0.34272250533103945,"y":-0.23102717101573945,"z":0.08736706525087357,"w":-0.9064018130302429},"size":1.8653334379196168,"orthographic":false}