{"cameraMode":{"drawMode":0,"name":"Shaded","section":"Shading Mode"},"sceneLighting":true,"audioPlay":false,"sceneViewState":{"m_AlwaysRefresh":false,"showFog":true,"showSkybox":true,"showFlares":true,"showImageEffects":true,"showParticleSystems":true,"showVisualEffectGraphs":true,"m_FxEnabled":true},"in2DMode":false,"pivot":{"x":2.718245506286621,"y":-0.5762687921524048,"z":2.4612436294555666},"rotation":{"x":-0.12264019250869751,"y":-0.2163947969675064,"z":0.027425268664956094,"w":-0.9682027697563171},"size":3.487743854522705,"orthographic":false}